BLOQUE;Semanas;Tratamiento;Repetición;Peso (gs);Consumo Sem (gs);Consumo Acum. (gs);FCR   Semanal;FCR Acum.;GDP Semanal;GDP Lineal;% Mortalidad ;% Mortalidad  Acum;FCR AJ 2,5 KG;Ratio;FCR AJ 2 KG;FCR AJ 2,7 KG
A3;1,00;1,00;1,00;210,20;162,80;162,80;0,77;0,77;30,03;30,03;0,00;0,00;;4,61;;
A10;1,00;1,00;2,00;215,92;167,76;167,76;0,78;0,78;30,85;30,85;0,00;0,00;;4,60;;
A13;1,00;1,00;3,00;218,78;164,49;164,49;0,75;0,75;31,25;31,25;0,00;0,00;;4,58;;
A16;1,00;1,00;4,00;217,60;168,80;168,80;0,78;0,78;31,09;31,09;0,00;0,00;;4,65;;
B7;1,00;1,00;6,00;204,80;158,40;158,40;0,77;0,77;29,26;29,26;0,00;0,00;;4,38;;
B11;1,00;1,00;7,00;204,40;168,40;168,40;0,82;0,82;29,20;29,20;0,00;0,00;;4,44;;
B17;1,00;1,00;8,00;212,40;160,00;160,00;0,75;0,75;30,34;30,34;0,00;0,00;;4,62;;
A1;1,00;2,00;1,00;191,02;153,88;153,88;0,81;0,81;27,29;27,29;0,02;0,02;;4,82;;
A9;1,00;2,00;2,00;186,80;148,00;148,00;0,79;0,79;26,69;26,69;0,00;0,00;;4,81;;
A14;1,00;2,00;3,00;183,60;145,60;145,60;0,79;0,79;26,23;26,23;0,00;0,00;;4,73;;
A19;1,00;2,00;4,00;185,57;146,53;146,53;0,79;0,79;26,51;26,51;0,02;0,02;;4,69;;
B5;1,00;2,00;5,00;201,20;166,00;166,00;0,83;0,83;28,74;28,74;0,00;0,00;;5,03;;
B8;1,00;2,00;6,00;189,60;148,00;148,00;0,78;0,78;27,09;27,09;0,00;0,00;;4,56;;
B13;1,00;2,00;7,00;180,39;161,22;161,22;0,89;0,89;25,77;25,77;0,02;0,02;;4,70;;
B19;1,00;2,00;8,00;186,10;135,42;135,42;0,73;0,73;26,59;26,59;0,02;0,02;;4,70;;
A2;1,00;3,00;1,00;210,80;164,80;164,80;0,78;0,78;30,11;30,11;0,00;0,00;;4,54;;
A6;1,00;3,00;2,00;205,60;158,40;158,40;0,77;0,77;29,37;29,37;0,00;0,00;;4,39;;
A11;1,00;3,00;3,00;207,33;154,29;154,29;0,74;0,74;29,62;29,62;0,02;0,02;;4,43;;
A17;1,00;3,00;4,00;209,78;158,37;158,37;0,75;0,75;29,97;29,97;0,02;0,02;;4,48;;
B9;1,00;3,00;5,00;200,00;157,60;157,60;0,79;0,79;28,57;28,57;0,00;0,00;;4,27;;
B14;1,00;3,00;6,00;211,02;165,00;165,00;0,78;0,78;30,15;30,15;0,04;0,04;;4,51;;
B20;1,00;3,00;7,00;210,00;159,60;159,60;0,76;0,76;30,00;30,00;0,00;0,00;;4,53;;
A5;1,00;4,00;1,00;189,60;145,60;145,60;0,77;0,77;27,09;27,09;0,00;0,00;;4,79;;
A8;1,00;4,00;2,00;184,80;145,20;145,20;0,79;0,79;26,40;26,40;0,00;0,00;;4,62;;
A15;1,00;4,00;3,00;190,00;144,00;144,00;0,76;0,76;27,14;27,14;0,00;0,00;;4,61;;
A20;1,00;4,00;4,00;178,80;134,40;134,40;0,75;0,75;25,54;25,54;0,00;0,00;;4,34;;
B4;1,00;4,00;5,00;184,00;139,20;139,20;0,76;0,76;26,29;26,29;0,00;0,00;;4,47;;
B10;1,00;4,00;6,00;190,40;157,60;157,60;0,83;0,83;27,20;27,20;0,00;0,00;;4,62;;
B12;1,00;4,00;7,00;188,40;145,20;145,20;0,77;0,77;26,91;26,91;0,00;0,00;;4,62;;
B18;1,00;4,00;8,00;189,04;166,94;166,94;0,88;0,88;27,01;27,01;0,02;0,02;;4,63;;
A4;1,00;5,00;1,00;208,67;161,22;161,22;0,77;0,77;29,81;29,81;0,02;0,02;;4,62;;
A7;1,00;5,00;2,00;202,80;150,80;150,80;0,74;0,74;28,97;28,97;0,00;0,00;;4,45;;
A12;1,00;5,00;3,00;209,60;155,20;155,20;0,74;0,74;29,94;29,94;0,00;0,00;;4,60;;
A18;1,00;5,00;4,00;196,08;147,45;147,45;0,75;0,75;28,01;28,01;0,00;0,00;;4,55;;
B1;1,00;5,00;5,00;204,27;152,65;152,65;0,75;0,75;29,18;29,18;0,02;0,02;;4,56;;
B6;1,00;5,00;6,00;208,77;149,58;149,58;0,72;0,72;29,82;29,82;0,04;0,04;;4,66;;
B15;1,00;5,00;7,00;204,40;152,00;152,00;0,74;0,74;29,20;29,20;0,00;0,00;;4,44;;
B16;1,00;5,00;8,00;193,60;153,60;153,60;0,79;0,79;27,66;27,66;0,00;0,00;;4,40;;
C1;1,00;7,00;1,00;209,06;165,31;165,31;0,79;0,79;29,87;29,87;0,02;0,02;;4,67;;
C9;1,00;7,00;2,00;205,20;158,00;158,00;0,77;0,77;29,31;29,31;0,00;0,00;;4,38;;
C13;1,00;7,00;3,00;205,88;157,65;157,65;0,77;0,77;29,41;29,41;0,00;0,00;;4,49;;
C16;1,00;7,00;4,00;216,40;167,20;167,20;0,77;0,77;30,91;30,91;0,00;0,00;;4,70;;
D3;1,00;7,00;5,00;208,98;159,59;159,59;0,76;0,76;29,85;29,85;0,00;0,00;;4,45;;
D7;1,00;7,00;6,00;208,98;162,04;162,04;0,78;0,78;29,85;29,85;0,00;0,00;;4,49;;
D12;1,00;7,00;7,00;218,00;168,80;168,80;0,77;0,77;31,14;31,14;0,00;0,00;;4,74;;
C2;1,00;8,00;1,00;207,35;152,92;152,92;0,74;0,74;29,62;29,62;0,02;0,02;;5,13;;
C8;1,00;8,00;2,00;190,00;153,06;153,06;0,81;0,81;27,14;27,14;0,02;0,02;;4,66;;
C15;1,00;8,00;3,00;194,15;149,58;149,58;0,77;0,77;27,74;27,74;0,04;0,04;;4,71;;
C17;1,00;8,00;4,00;193,29;151,02;151,02;0,78;0,78;27,61;27,61;0,02;0,02;;4,83;;
D1;1,00;8,00;5,00;200,80;153,20;153,20;0,76;0,76;28,69;28,69;0,00;0,00;;4,74;;
D8;1,00;8,00;6,00;185,88;143,92;143,92;0,77;0,77;26,55;26,55;0,00;0,00;;4,79;;
D13;1,00;8,00;7,00;186,94;144,90;144,90;0,78;0,78;26,71;26,71;0,00;0,00;;4,63;;
D18;1,00;8,00;8,00;184,80;149,60;149,60;0,81;0,81;26,40;26,40;0,00;0,00;;4,67;;
C4;1,00;9,00;1,00;202,80;152,40;152,40;0,75;0,75;28,97;28,97;0,00;0,00;;4,41;;
C6;1,00;9,00;2,00;205,60;153,60;153,60;0,75;0,75;29,37;29,37;0,00;0,00;;4,43;;
C14;1,00;9,00;3,00;214,00;170,80;170,80;0,80;0,80;30,57;30,57;0,00;0,00;;4,61;;
C18;1,00;9,00;4,00;215,20;163,20;163,20;0,76;0,76;30,74;30,74;0,00;0,00;;4,60;;
D5;1,00;9,00;5,00;219,98;151,43;151,43;0,69;0,69;31,43;31,43;0,02;0,02;;4,78;;
D19;1,00;9,00;6,00;213,20;161,60;161,60;0,76;0,76;30,46;30,46;0,00;0,00;;4,72;;
C3;1,00;10,00;1,00;191,76;149,41;149,41;0,78;0,78;27,39;27,39;0,00;0,00;;4,84;;
C7;1,00;10,00;2,00;183,60;154,80;154,80;0,84;0,84;26,23;26,23;0,00;0,00;;4,54;;
C11;1,00;10,00;3,00;196,80;148,80;148,80;0,76;0,76;28,11;28,11;0,00;0,00;;4,82;;
C20;1,00;10,00;4,00;187,20;146,40;146,40;0,78;0,78;26,74;26,74;0,00;0,00;;4,54;;
D4;1,00;10,00;5,00;193,20;144,00;144,00;0,75;0,75;27,60;27,60;0,00;0,00;;4,88;;
D6;1,00;10,00;6,00;191,80;153,88;153,88;0,80;0,80;27,40;27,40;0,02;0,02;;4,66;;
D11;1,00;10,00;7,00;195,29;145,10;145,10;0,74;0,74;27,90;27,90;0,00;0,00;;4,98;;
D17;1,00;10,00;8,00;195,60;146,40;146,40;0,75;0,75;27,94;27,94;0,00;0,00;;4,61;;
C5;1,00;11,00;1,00;215,69;157,55;157,55;0,73;0,73;30,81;30,81;0,02;0,02;;4,65;;
C10;1,00;11,00;2,00;201,60;150,40;150,40;0,75;0,75;28,80;28,80;0,00;0,00;;4,46;;
C12;1,00;11,00;3,00;199,60;150,00;150,00;0,75;0,75;28,51;28,51;0,00;0,00;;4,50;;
C19;1,00;11,00;4,00;214,40;164,80;164,80;0,77;0,77;30,63;30,63;0,00;0,00;;4,70;;
D2;1,00;11,00;5,00;208,24;153,73;153,73;0,74;0,74;29,75;29,75;0,00;0,00;;4,87;;
D20;1,00;11,00;6,00;217,60;156,40;156,40;0,72;0,72;31,09;31,09;0,00;0,00;;4,73;;
A3;2,00;1,00;1,00;559,39;427,35;590,15;1,22;1,05;49,88;39,96;0,02;0,02;;;;
A10;2,00;1,00;2,00;551,02;426,12;593,88;1,27;1,08;47,87;39,36;0,00;0,00;;;;
A13;2,00;1,00;3,00;588,16;452,24;616,73;1,22;1,05;52,77;42,01;0,00;0,00;;;;
A16;2,00;1,00;4,00;574,80;440,80;609,60;1,23;1,06;51,03;41,06;0,00;0,00;;;;
B7;2,00;1,00;5,00;544,08;402,45;560,85;1,19;1,03;48,47;38,86;0,02;0,02;;;;
B11;2,00;1,00;6,00;541,20;404,00;572,40;1,20;1,06;48,11;38,66;0,00;0,00;;;;
B17;2,00;1,00;7,00;563,60;422,80;582,80;1,20;1,03;50,17;40,26;0,00;0,00;;;;
A1;2,00;2,00;1,00;512,24;382,45;536,33;1,19;1,05;45,89;36,59;0,00;0,02;;;;
A9;2,00;2,00;2,00;516,80;393,20;541,20;1,19;1,05;47,14;36,91;0,00;0,00;;;;
A14;2,00;2,00;3,00;508,80;391,60;537,20;1,20;1,06;46,46;36,34;0,00;0,00;;;;
A19;2,00;2,00;4,00;526,12;403,67;550,20;1,19;1,05;48,65;37,58;0,00;0,02;;;;
B5;2,00;2,00;5,00;540,00;408,00;574,00;1,20;1,06;48,40;38,57;0,00;0,00;;;;
B8;2,00;2,00;6,00;534,40;403,20;551,20;1,17;1,03;49,26;38,17;0,00;0,00;;;;
B13;2,00;2,00;7,00;490,20;358,78;520,00;1,16;1,06;44,26;35,01;0,00;0,02;;;;
B19;2,00;2,00;8,00;530,83;409,58;545,00;1,19;1,03;49,25;37,92;0,00;0,02;;;;
A2;2,00;3,00;1,00;534,80;394,00;558,80;1,22;1,04;46,29;38,20;0,00;0,00;;;;
A6;2,00;3,00;2,00;535,60;395,20;553,60;1,20;1,03;47,14;38,26;0,00;0,00;;;;
A11;2,00;3,00;3,00;538,78;406,94;561,22;1,23;1,04;47,35;38,48;0,00;0,02;;;;
A17;2,00;3,00;4,00;552,94;415,42;573,78;1,21;1,04;49,02;39,50;0,02;0,04;;;;
B9;2,00;3,00;5,00;525,20;380,00;537,60;1,17;1,02;46,46;37,51;0,00;0,00;;;;
B14;2,00;3,00;6,00;545,00;406,67;571,67;1,22;1,05;47,71;38,93;0,00;0,04;;;;
B20;2,00;3,00;7,00;558,40;424,80;584,40;1,22;1,05;49,77;39,89;0,00;0,00;;;;
A5;2,00;4,00;1,00;502,80;375,20;520,80;1,20;1,04;44,74;35,91;0,00;0,00;;;;
A8;2,00;4,00;2,00;512,40;374,80;520,00;1,14;1,01;46,80;36,60;0,00;0,00;;;;
A15;2,00;4,00;3,00;520,80;394,80;538,80;1,19;1,03;47,26;37,20;0,00;0,00;;;;
A20;2,00;4,00;4,00;519,60;398,00;532,40;1,17;1,02;48,69;37,11;0,00;0,00;;;;
B4;2,00;4,00;5,00;523,42;389,17;528,37;1,15;1,01;48,49;37,39;0,04;0,04;;;;
B10;2,00;4,00;6,00;511,20;362,00;519,60;1,13;1,02;45,83;36,51;0,00;0,00;;;;
B12;2,00;4,00;7,00;527,84;387,76;532,96;1,14;1,01;48,49;37,70;0,02;0,02;;;;
B18;2,00;4,00;8,00;531,25;396,67;563,61;1,16;1,06;48,89;37,95;0,02;0,04;;;;
A4;2,00;5,00;1,00;555,51;410,20;571,43;1,18;1,03;49,55;39,68;0,00;0,02;;;;
A7;2,00;5,00;2,00;544,08;399,18;549,98;1,17;1,01;48,75;38,86;0,02;0,02;;;;
A12;2,00;5,00;3,00;553,60;409,20;564,40;1,19;1,02;49,14;39,54;0,00;0,00;;;;
A18;2,00;5,00;4,00;556,22;409,60;557,05;1,14;1,00;51,45;39,73;0,02;0,02;;;;
B1;2,00;5,00;5,00;546,53;400,41;553,06;1,17;1,01;48,90;39,04;0,00;0,02;;;;
B6;2,00;5,00;6,00;554,51;397,87;547,46;1,15;0,99;49,39;39,61;0,02;0,06;;;;
B15;2,00;5,00;7,00;551,60;408,80;560,80;1,18;1,02;49,60;39,40;0,00;0,00;;;;
B16;2,00;5,00;8,00;529,60;390,40;544,00;1,16;1,03;48,00;37,83;0,00;0,00;;;;
C1;2,00;7,00;1,00;538,78;419,18;584,49;1,27;1,08;47,10;38,48;0,00;0,02;;;;
C9;2,00;7,00;2,00;548,51;419,18;577,18;1,22;1,05;49,04;39,18;0,02;0,02;;;;
C13;2,00;7,00;3,00;551,70;423,60;581,25;1,22;1,05;49,40;39,41;0,02;0,02;;;;
C16;2,00;7,00;4,00;565,60;432,40;599,60;1,24;1,06;49,89;40,40;0,00;0,00;;;;
D3;2,00;7,00;5,00;546,12;421,22;580,82;1,25;1,06;48,16;39,01;0,00;0,00;;;;
D7;2,00;7,00;6,00;543,67;416,33;578,37;1,24;1,06;47,81;38,83;0,00;0,00;;;;
D12;2,00;7,00;7,00;562,00;428,00;596,80;1,24;1,06;49,14;40,14;0,00;0,00;;;;
C2;2,00;8,00;1,00;548,75;413,75;566,67;1,21;1,03;48,77;39,20;0,00;0,02;;;;
C8;2,00;8,00;2,00;517,14;313,47;466,53;0,96;0,90;46,73;36,94;0,00;0,02;;;;
C15;2,00;8,00;3,00;522,50;397,50;547,08;1,21;1,05;46,91;37,32;0,00;0,04;;;;
C17;2,00;8,00;4,00;529,39;404,90;555,92;1,20;1,05;48,01;37,81;0,00;0,02;;;;
D1;2,00;8,00;5,00;543,60;413,60;566,80;1,21;1,04;48,97;38,83;0,00;0,00;;;;
D8;2,00;8,00;6,00;518,88;384,40;528,32;1,15;1,02;47,57;37,06;0,02;0,02;;;;
D13;2,00;8,00;7,00;515,10;381,63;526,53;1,16;1,02;46,88;36,79;0,00;0,00;;;;
D18;2,00;8,00;8,00;502,00;372,65;522,25;1,17;1,04;45,31;35,86;0,02;0,02;;;;
C4;2,00;9,00;1,00;534,00;400,80;553,20;1,21;1,04;47,31;38,14;0,00;0,00;;;;
C6;2,00;9,00;2,00;536,00;406,80;560,40;1,23;1,05;47,20;38,29;0,00;0,00;;;;
C14;2,00;9,00;3,00;546,40;405,60;576,40;1,22;1,05;47,49;39,03;0,00;0,00;;;;
C18;2,00;9,00;4,00;554,29;403,67;566,87;1,19;1,02;48,44;39,59;0,02;0,02;;;;
D5;2,00;9,00;5,00;560,82;411,84;563,27;1,21;1,00;48,69;40,06;0,00;0,02;;;;
D19;2,00;9,00;6,00;546,80;407,60;569,20;1,22;1,04;47,66;39,06;0,00;0,00;;;;
C3;2,00;10,00;1,00;523,60;373,60;523,01;1,13;1,00;47,41;37,40;0,02;0,02;;;;
C7;2,00;10,00;2,00;508,00;366,00;520,80;1,13;1,03;46,34;36,29;0,00;0,00;;;;
C11;2,00;10,00;3,00;536,80;401,20;550,00;1,18;1,02;48,57;38,34;0,00;0,00;;;;
C20;2,00;10,00;4,00;497,60;385,60;532,00;1,24;1,07;44,34;35,54;0,00;0,00;;;;
D4;2,00;10,00;5,00;523,88;380,82;524,82;1,15;1,00;47,24;37,42;0,02;0,02;;;;
D6;2,00;10,00;6,00;517,96;375,10;528,98;1,15;1,02;46,59;37,00;0,00;0,02;;;;
D11;2,00;10,00;7,00;533,73;397,25;542,35;1,17;1,02;48,35;38,12;0,00;0,00;;;;
D17;2,00;10,00;8,00;514,80;371,20;517,60;1,16;1,01;45,60;36,77;0,00;0,00;;;;
C5;2,00;11,00;1,00;571,09;419,13;576,68;1,18;1,01;50,77;40,79;0,06;0,08;;;;
C10;2,00;11,00;2,00;542,40;404,00;554,40;1,19;1,02;48,69;38,74;0,00;0,00;;;;
C12;2,00;11,00;3,00;534,80;395,60;545,60;1,18;1,02;47,89;38,20;0,00;0,00;;;;
C19;2,00;11,00;4,00;566,40;413,60;578,40;1,18;1,02;50,29;40,46;0,00;0,00;;;;
D2;2,00;11,00;5,00;565,10;417,25;570,98;1,17;1,01;50,98;40,36;0,00;0,00;;;;
D20;2,00;11,00;6,00;575,20;410,00;566,40;1,15;0,98;51,09;41,09;0,00;0,00;;;;
A3;3,00;1,00;1,00;1114,25;763,75;1353,90;1,38;1,22;79,27;53,06;0,02;0,04;;;;
A10;3,00;1,00;2,00;1104,08;750,20;1344,08;1,36;1,22;79,01;52,58;0,00;0,00;;;;
A13;3,00;1,00;3,00;1236,68;827,23;1443,97;1,28;1,17;92,65;58,89;0,04;0,04;;;;
A16;3,00;1,00;4,00;1178,08;793,06;1402,66;1,31;1,19;86,18;56,10;0,02;0,02;;;;
B7;3,00;1,00;5,00;1104,08;757,55;1318,40;1,35;1,19;80,00;52,58;0,00;0,02;;;;
B11;3,00;1,00;6,00;1131,84;768,16;1340,56;1,30;1,18;84,38;53,90;0,02;0,02;;;;
B17;3,00;1,00;7,00;1136,00;759,60;1342,40;1,33;1,18;81,77;54,10;0,00;0,00;;;;
A1;3,00;2,00;1,00;1077,55;733,47;1269,80;1,30;1,18;80,76;51,31;0,00;0,02;;;;
A9;3,00;2,00;2,00;1070,00;720,40;1261,60;1,30;1,18;79,03;50,95;0,00;0,00;;;;
A14;3,00;2,00;3,00;1087,04;740,00;1277,20;1,28;1,17;82,61;51,76;0,04;0,04;;;;
A19;3,00;2,00;4,00;1089,80;744,49;1294,69;1,32;1,19;80,52;51,90;0,00;0,02;;;;
B5;3,00;2,00;5,00;1106,00;736,80;1310,80;1,30;1,19;80,86;52,67;0,00;0,00;;;;
B8;3,00;2,00;6,00;1100,00;742,40;1293,60;1,31;1,18;80,80;52,38;0,00;0,00;;;;
B13;3,00;2,00;7,00;1036,08;696,25;1216,25;1,28;1,17;77,98;49,34;0,02;0,04;;;;
B19;3,00;2,00;8,00;1120,83;761,67;1306,67;1,29;1,17;84,29;53,37;0,00;0,02;;;;
A2;3,00;3,00;1,00;1076,00;734,80;1293,60;1,36;1,20;77,31;51,24;0,00;0,00;;;;
A6;3,00;3,00;2,00;1078,00;736,40;1290,00;1,36;1,20;77,49;51,33;0,00;0,00;;;;
A11;3,00;3,00;3,00;1100,00;747,76;1308,98;1,33;1,19;80,17;52,38;0,00;0,02;;;;
A17;3,00;3,00;4,00;1116,67;760,83;1334,62;1,35;1,20;80,53;53,17;0,00;0,04;;;;
B9;3,00;3,00;5,00;1080,00;731,60;1269,20;1,32;1,18;79,26;51,43;0,00;0,00;;;;
B14;3,00;3,00;6,00;1118,75;750,83;1322,50;1,31;1,18;81,96;53,27;0,00;0,04;;;;
B20;3,00;3,00;7,00;1128,00;757,20;1341,60;1,33;1,19;81,37;53,71;0,00;0,00;;;;
A5;3,00;4,00;1,00;1042,00;711,20;1232,00;1,32;1,18;77,03;49,62;0,00;0,00;;;;
A8;3,00;4,00;2,00;1076,00;728,00;1248,00;1,29;1,16;80,51;51,24;0,00;0,00;;;;
A15;3,00;4,00;3,00;1097,22;739,18;1277,98;1,28;1,16;82,35;52,25;0,02;0,02;;;;
A20;3,00;4,00;4,00;1092,00;747,60;1280,00;1,31;1,17;81,77;52,00;0,00;0,00;;;;
B4;3,00;4,00;5,00;1058,33;712,92;1241,28;1,33;1,17;76,42;50,40;0,00;0,04;;;;
B10;3,00;4,00;6,00;1084,00;735,60;1255,20;1,28;1,16;81,83;51,62;0,00;0,00;;;;
B12;3,00;4,00;7,00;1085,71;728,57;1261,53;1,31;1,16;79,70;51,70;0,00;0,02;;;;
B18;3,00;4,00;8,00;1111,28;733,62;1297,22;1,26;1,17;82,86;52,92;0,02;0,06;;;;
A4;3,00;5,00;1,00;1126,53;744,49;1315,92;1,30;1,17;81,57;53,64;0,00;0,02;;;;
A7;3,00;5,00;2,00;1133,92;745,00;1294,98;1,26;1,14;84,26;54,00;0,02;0,04;;;;
A12;3,00;5,00;3,00;1140,00;761,60;1326,00;1,30;1,16;83,77;54,29;0,00;0,00;;;;
A18;3,00;5,00;4,00;1102,00;731,60;1288,65;1,34;1,17;77,97;52,48;0,00;0,02;;;;
B1;3,00;5,00;5,00;1143,13;756,67;1309,73;1,27;1,15;85,23;54,43;0,02;0,04;;;;
B6;3,00;5,00;6,00;1144,68;771,49;1318,95;1,31;1,15;84,31;54,51;0,00;0,06;;;;
B15;3,00;5,00;7,00;1134,00;755,60;1316,40;1,30;1,16;83,20;54,00;0,00;0,00;;;;
B16;3,00;5,00;8,00;1130,39;757,14;1301,14;1,26;1,15;85,83;53,83;0,02;0,02;;;;
C1;3,00;7,00;1,00;1089,80;734,29;1318,78;1,33;1,21;78,72;51,90;0,00;0,02;;;;
C9;3,00;7,00;2,00;1085,71;741,63;1318,82;1,38;1,21;76,74;51,70;0,00;0,02;;;;
C13;3,00;7,00;3,00;1104,00;752,40;1333,65;1,36;1,21;78,90;52,57;0,00;0,02;;;;
C16;3,00;7,00;4,00;1136,00;772,40;1372,00;1,35;1,21;81,49;54,10;0,00;0,00;;;;
D3;3,00;7,00;5,00;1097,96;742,45;1323,27;1,35;1,21;78,83;52,28;0,00;0,00;;;;
D7;3,00;7,00;6,00;1110,20;780,82;1359,18;1,38;1,22;80,93;52,87;0,00;0,00;;;;
D12;3,00;7,00;7,00;1142,00;777,60;1374,40;1,34;1,20;82,86;54,38;0,00;0,00;;;;
C2;3,00;8,00;1,00;1110,42;742,92;1309,58;1,32;1,18;80,24;52,88;0,00;0,02;;;;
C8;3,00;8,00;2,00;1087,29;739,17;1205,70;1,30;1,11;81,45;51,78;0,02;0,04;;;;
C15;3,00;8,00;3,00;1083,33;741,25;1288,33;1,32;1,19;80,12;51,59;0,00;0,04;;;;
C17;3,00;8,00;4,00;1097,96;736,73;1292,65;1,30;1,18;81,22;52,28;0,00;0,02;;;;
D1;3,00;8,00;5,00;1108,00;749,20;1316,00;1,33;1,19;80,63;52,76;0,00;0,00;;;;
D8;3,00;8,00;6,00;1078,00;738,80;1267,12;1,32;1,18;79,87;51,33;0,00;0,02;;;;
D13;3,00;8,00;7,00;1073,47;745,71;1272,24;1,34;1,19;79,77;51,12;0,00;0,00;;;;
D18;3,00;8,00;8,00;1036,73;708,98;1231,23;1,33;1,19;76,39;49,37;0,00;0,02;;;;
C4;3,00;9,00;1,00;1101,27;732,24;1285,44;1,29;1,17;81,04;52,44;0,02;0,02;;;;
C6;3,00;9,00;2,00;1088,00;736,00;1296,40;1,33;1,19;78,86;51,81;0,00;0,00;;;;
C14;3,00;9,00;3,00;1100,00;743,20;1319,60;1,34;1,20;79,09;52,38;0,00;0,00;;;;
C18;3,00;9,00;4,00;1091,84;740,82;1307,69;1,38;1,20;76,79;51,99;0,00;0,02;;;;
D5;3,00;9,00;5,00;1122,45;760,41;1323,67;1,35;1,18;80,23;53,45;0,00;0,02;;;;
D19;3,00;9,00;6,00;1110,00;805,60;1374,80;1,43;1,24;80,46;52,86;0,00;0,00;;;;
C3;3,00;10,00;1,00;1080,00;729,60;1252,61;1,31;1,16;79,49;51,43;0,00;0,02;;;;
C7;3,00;10,00;2,00;1050,00;782,00;1302,80;1,44;1,24;77,43;50,00;0,00;0,00;;;;
C11;3,00;10,00;3,00;1116,00;752,40;1302,40;1,30;1,17;82,74;53,14;0,00;0,00;;;;
C20;3,00;10,00;4,00;1038,00;725,20;1257,20;1,34;1,21;77,20;49,43;0,00;0,00;;;;
D4;3,00;10,00;5,00;1100,00;757,14;1281,96;1,31;1,17;82,30;52,38;0,00;0,02;;;;
D6;3,00;10,00;6,00;1099,75;752,50;1281,48;1,29;1,17;83,11;52,37;0,02;0,04;;;;
D11;3,00;10,00;7,00;1125,49;769,02;1311,37;1,30;1,17;84,54;53,59;0,00;0,00;;;;
D17;3,00;10,00;8,00;1166,43;751,43;1269,03;1,15;1,09;93,09;55,54;0,02;0,02;;;;
C5;3,00;11,00;1,00;1201,50;793,18;1369,86;1,26;1,14;90,06;57,21;0,04;0,12;;;;
C10;3,00;11,00;2,00;1124,00;752,40;1306,80;1,29;1,16;83,09;53,52;0,00;0,00;;;;
C12;3,00;11,00;3,00;1104,00;738,80;1284,40;1,30;1,16;81,31;52,57;0,00;0,00;;;;
C19;3,00;11,00;4,00;1178,49;786,12;1364,52;1,28;1,16;87,44;56,12;0,02;0,02;;;;
D2;3,00;11,00;5,00;1170,59;768,24;1339,22;1,27;1,14;86,50;55,74;0,00;0,00;;;;
D20;3,00;11,00;6,00;1180,00;796,40;1362,80;1,32;1,15;86,40;56,19;0,00;0,00;;;;
A3;4,00;1,00;1,00;1866,67;1062,50;2416,40;1,41;1,29;107,49;66,67;0,00;0,04;;;;
A10;4,00;1,00;2,00;1808,16;997,55;2341,63;1,42;1,30;100,58;64,58;0,00;0,00;;;;
A13;4,00;1,00;3,00;2048,94;1161,28;2605,25;1,43;1,27;116,04;73,18;0,00;0,04;;;;
A16;4,00;1,00;4,00;1908,16;1060,41;2463,07;1,45;1,29;104,30;68,15;0,00;0,02;;;;
B7;4,00;1,00;5,00;1875,51;1060,00;2378,40;1,37;1,27;110,20;66,98;0,00;0,02;;;;
B11;4,00;1,00;6,00;1851,02;1024,90;2365,46;1,43;1,28;102,74;66,11;0,00;0,02;;;;
B17;4,00;1,00;7,00;1900,00;1052,00;2394,40;1,38;1,26;109,14;67,86;0,00;0,00;;;;
A1;4,00;2,00;1,00;1846,94;1059,59;2329,39;1,38;1,26;109,91;65,96;0,00;0,02;;;;
A9;4,00;2,00;2,00;1818,00;1029,20;2290,80;1,38;1,26;106,86;64,93;0,00;0,00;;;;
A14;4,00;2,00;3,00;1864,35;1049,57;2326,77;1,35;1,25;111,04;66,58;0,04;0,08;;;;
A19;4,00;2,00;4,00;1824,49;1025,71;2320,41;1,40;1,27;104,96;65,16;0,00;0,02;;;;
B5;4,00;2,00;5,00;1886,00;1063,20;2374,00;1,36;1,26;111,43;67,36;0,00;0,00;;;;
B8;4,00;2,00;6,00;1862,00;1032,80;2326,40;1,36;1,25;108,86;66,50;0,00;0,00;;;;
B13;4,00;2,00;7,00;1720,83;966,67;2182,92;1,41;1,27;97,82;61,46;0,00;0,04;;;;
B19;4,00;2,00;8,00;1887,50;1058,75;2365,42;1,38;1,25;109,52;67,41;0,00;0,02;;;;
A2;4,00;3,00;1,00;1864,61;1062,45;2356,05;1,35;1,26;112,66;66,59;0,02;0,02;;;;
A6;4,00;3,00;2,00;1846,00;1043,20;2333,20;1,36;1,26;109,71;65,93;0,00;0,00;;;;
A11;4,00;3,00;3,00;1883,67;1051,02;2360,00;1,34;1,25;111,95;67,27;0,00;0,02;;;;
A17;4,00;3,00;4,00;1928,09;1074,04;2408,66;1,32;1,25;115,92;68,86;0,02;0,06;;;;
B9;4,00;3,00;5,00;1870,83;1067,08;2336,28;1,35;1,25;112,98;66,82;0,04;0,04;;;;
B14;4,00;3,00;6,00;1885,42;1063,75;2386,25;1,39;1,27;109,52;67,34;0,00;0,04;;;;
B20;4,00;3,00;7,00;1846,00;1024,40;2366,00;1,43;1,28;102,57;65,93;0,00;0,00;;;;
A5;4,00;4,00;1,00;1840,38;1032,08;2264,08;1,29;1,23;114,05;65,73;0,04;0,04;;;;
A8;4,00;4,00;2,00;1856,00;1046,80;2294,80;1,34;1,24;111,43;66,29;0,00;0,00;;;;
A15;4,00;4,00;3,00;1894,43;1050,64;2328,62;1,32;1,23;113,89;67,66;0,04;0,06;;;;
A20;4,00;4,00;4,00;1848,00;1038,00;2318,00;1,37;1,25;108,00;66,00;0,00;0,00;;;;
B4;4,00;4,00;5,00;1835,91;1040,85;2282,13;1,34;1,24;111,08;65,57;0,02;0,06;;;;
B10;4,00;4,00;6,00;1860,00;1036,80;2292,00;1,34;1,23;110,86;66,43;0,00;0,00;;;;
B12;4,00;4,00;7,00;1838,78;1010,61;2272,14;1,34;1,24;107,58;65,67;0,00;0,02;;;;
B18;4,00;4,00;8,00;1882,61;1053,04;2350,27;1,37;1,25;110,19;67,24;0,02;0,08;;;;
A4;4,00;5,00;1,00;1904,08;1041,22;2357,14;1,34;1,24;111,08;68,00;0,00;0,02;;;;
A7;4,00;5,00;2,00;1895,83;1051,67;2346,65;1,38;1,24;108,85;67,71;0,00;0,04;;;;
A12;4,00;5,00;3,00;1924,00;1066,40;2392,40;1,36;1,24;112,00;68,71;0,00;0,00;;;;
A18;4,00;5,00;4,00;1893,51;1037,14;2325,79;1,31;1,23;113,07;67,63;0,02;0,04;;;;
B1;4,00;5,00;5,00;1914,58;1055,42;2365,14;1,37;1,24;110,21;68,38;0,00;0,04;;;;
B6;4,00;5,00;6,00;2000,35;1118,26;2437,21;1,31;1,22;122,24;71,44;0,02;0,08;;;;
B15;4,00;5,00;7,00;1934,45;1086,12;2402,52;1,36;1,24;114,35;69,09;0,02;0,02;;;;
B16;4,00;5,00;8,00;1910,20;1057,14;2358,29;1,36;1,23;111,40;68,22;0,00;0,02;;;;
C1;4,00;7,00;1,00;1808,16;1020,41;2339,18;1,42;1,29;102,62;64,58;0,00;0,02;;;;
C9;4,00;7,00;2,00;1828,57;1033,88;2352,69;1,39;1,29;106,12;65,31;0,00;0,02;;;;
C13;4,00;7,00;3,00;1854,00;1067,20;2400,85;1,42;1,29;107,14;66,21;0,00;0,02;;;;
C16;4,00;7,00;4,00;1872,00;1056,40;2428,40;1,44;1,30;105,14;66,86;0,00;0,00;;;;
D3;4,00;7,00;5,00;1861,22;1049,39;2372,65;1,37;1,27;109,04;66,47;0,00;0,00;;;;
D7;4,00;7,00;6,00;1855,10;1055,51;2414,69;1,42;1,30;106,41;66,25;0,00;0,00;;;;
D12;4,00;7,00;7,00;1862,00;1044,00;2418,40;1,45;1,30;102,86;66,50;0,00;0,00;;;;
C2;4,00;8,00;1,00;1839,58;1017,92;2327,50;1,40;1,27;104,17;65,70;0,00;0,02;;;;
C8;4,00;8,00;2,00;1793,75;990,00;2195,70;1,40;1,22;100,92;64,06;0,00;0,04;;;;
C15;4,00;8,00;3,00;1820,83;1032,92;2321,25;1,40;1,27;105,36;65,03;0,00;0,04;;;;
C17;4,00;8,00;4,00;1840,82;1045,71;2338,37;1,41;1,27;106,12;65,74;0,00;0,02;;;;
D1;4,00;8,00;5,00;1868,00;1038,00;2354,00;1,37;1,26;108,57;66,71;0,00;0,00;;;;
D8;4,00;8,00;6,00;1838,00;1035,20;2302,32;1,36;1,25;108,57;65,64;0,00;0,02;;;;
D13;4,00;8,00;7,00;1820,41;1023,67;2295,92;1,37;1,26;106,71;65,01;0,00;0,00;;;;
D18;4,00;8,00;8,00;1763,27;982,86;2214,09;1,35;1,26;103,79;62,97;0,00;0,02;;;;
C4;4,00;9,00;1,00;1820,41;1019,59;2305,04;1,42;1,27;102,73;65,01;0,00;0,02;;;;
C6;4,00;9,00;2,00;1846,00;1037,60;2334,00;1,37;1,26;108,29;65,93;0,00;0,00;;;;
C14;4,00;9,00;3,00;1828,00;1014,00;2333,60;1,39;1,28;104,00;65,29;0,00;0,00;;;;
C18;4,00;9,00;4,00;1837,50;1073,75;2381,44;1,44;1,30;106,52;65,63;0,02;0,04;;;;
D5;4,00;9,00;5,00;1875,51;1037,55;2361,22;1,38;1,26;107,58;66,98;0,00;0,02;;;;
D19;4,00;9,00;6,00;1882,00;1008,40;2383,20;1,31;1,27;110,29;67,21;0,00;0,00;;;;
C3;4,00;10,00;1,00;1796,00;990,80;2243,41;1,38;1,25;102,29;64,14;0,00;0,02;;;;
C7;4,00;10,00;2,00;1823,96;1012,65;2315,45;1,31;1,27;110,57;65,14;0,02;0,02;;;;
C11;4,00;10,00;3,00;1858,00;1032,80;2335,20;1,39;1,26;106,00;66,36;0,00;0,00;;;;
C20;4,00;10,00;4,00;1728,00;982,00;2239,20;1,42;1,30;98,57;61,71;0,00;0,00;;;;
D4;4,00;10,00;5,00;1865,31;1048,57;2330,53;1,37;1,25;109,33;66,62;0,00;0,02;;;;
D6;4,00;10,00;6,00;1847,92;1052,50;2333,98;1,41;1,26;106,88;66,00;0,00;0,04;;;;
D11;4,00;10,00;7,00;1894,12;957,65;2269,02;1,25;1,20;109,80;67,65;0,00;0,00;;;;
D17;4,00;10,00;8,00;1846,94;1024,49;2293,52;1,51;1,24;97,22;65,96;0,00;0,02;;;;
C5;4,00;11,00;1,00;1959,09;1086,82;2456,68;1,43;1,25;108,23;69,97;0,00;0,12;;;;
C10;4,00;11,00;2,00;1985,71;1095,83;2402,63;1,27;1,21;123,10;70,92;0,04;0,04;;;;
C12;4,00;11,00;3,00;1858,00;1039,20;2323,60;1,38;1,25;107,71;66,36;0,00;0,00;;;;
C19;4,00;11,00;4,00;1926,53;1082,45;2446,97;1,45;1,27;106,86;68,80;0,00;0,02;;;;
D2;4,00;11,00;5,00;1964,71;1074,90;2414,12;1,35;1,23;113,45;70,17;0,00;0,00;;;;
D20;4,00;11,00;6,00;1996,00;1126,80;2489,60;1,38;1,25;116,57;71,29;0,00;0,00;;;;
A3;5,00;1,00;1,00;2866,31;1429,78;3846,17;1,43;1,34;142,81;81,89;0,06;0,10;1,25;;1,13;1,46
A10;5,00;1,00;2,00;2678,00;1331,30;3672,94;1,53;1,37;124,26;76,51;0,06;0,06;1,33;;1,20;1,41
A13;5,00;1,00;3,00;2880,85;1387,23;3992,48;1,67;1,39;118,84;82,31;0,00;0,04;1,29;;1,17;1,42
A16;5,00;1,00;4,00;2830,22;1401,30;3864,37;1,52;1,37;131,72;80,86;0,06;0,08;1,28;;1,16;1,30
B7;5,00;1,00;5,00;2689,80;1333,06;3711,46;1,64;1,38;116,33;76,85;0,00;0,02;1,33;;1,21;1,38
B11;5,00;1,00;6,00;2678,21;1336,17;3701,63;1,62;1,38;118,17;76,52;0,04;0,06;1,34;;1,21;1,34
B17;5,00;1,00;7,00;2654,00;1260,00;3654,40;1,67;1,38;107,71;75,83;0,00;0,00;1,34;;1,21;1,33
A1;5,00;2,00;1,00;2792,17;1375,32;3704,71;1,46;1,33;135,03;79,78;0,04;0,06;1,25;;1,13;1,38
A9;5,00;2,00;2,00;2626,00;1252,80;3543,60;1,55;1,35;115,43;75,03;0,00;0,00;1,32;;1,19;1,39
A14;5,00;2,00;3,00;2628,26;1321,30;3648,07;1,73;1,39;109,13;75,09;0,00;0,08;1,36;;1,23;1,39
A19;5,00;2,00;4,00;2548,98;1222,45;3542,86;1,69;1,39;103,50;72,83;0,00;0,02;1,38;;1,25;1,30
B5;5,00;2,00;5,00;2702,00;1287,60;3661,60;1,58;1,36;116,57;77,20;0,00;0,00;1,30;;1,18;1,37
B8;5,00;2,00;6,00;2618,00;1299,20;3625,60;1,72;1,38;108,00;74,80;0,00;0,00;1,36;;1,23;1,41
B13;5,00;2,00;7,00;2500,85;1215,74;3398,66;1,56;1,36;111,43;71,45;0,02;0,06;1,36;;1,23;1,43
B19;5,00;2,00;8,00;2781,87;1355,22;3720,63;1,52;1,34;127,77;79,48;0,04;0,06;1,27;;1,14;1,35
A2;5,00;3,00;1,00;2674,33;1265,00;3621,05;1,56;1,35;115,67;76,41;0,02;0,04;1,31;;1,19;1,41
A6;5,00;3,00;2,00;2653,06;1270,61;3603,81;1,57;1,36;115,29;75,80;0,02;0,02;1,32;;1,20;1,41
A11;5,00;3,00;3,00;2706,12;1281,63;3641,63;1,56;1,35;117,49;77,32;0,00;0,02;1,29;;1,17;1,32
A17;5,00;3,00;4,00;2634,04;1234,47;3643,13;1,75;1,38;100,85;75,26;0,00;0,06;1,35;;1,22;1,36
B9;5,00;3,00;5,00;2697,79;1276,17;3612,45;1,54;1,34;118,14;77,08;0,02;0,06;1,29;;1,16;1,37
B14;5,00;3,00;6,00;2643,75;1254,17;3640,42;1,65;1,38;108,33;75,54;0,00;0,04;1,34;;1,22;1,34
B20;5,00;3,00;7,00;2651,02;1279,18;3645,18;1,59;1,38;115,00;75,74;0,02;0,02;1,34;;1,21;1,40
A5;5,00;4,00;1,00;2652,08;1297,50;3561,58;1,60;1,34;115,96;75,77;0,00;0,04;1,30;;1,18;1,34
A8;5,00;4,00;2,00;2720,00;1319,60;3614,40;1,53;1,33;123,43;77,71;0,00;0,00;1,27;;1,15;1,39
A15;5,00;4,00;3,00;2704,44;1332,00;3660,62;1,64;1,35;115,72;77,27;0,04;0,10;1,30;;1,18;1,39
A20;5,00;4,00;4,00;2638,65;1273,47;3591,47;1,61;1,36;112,95;75,39;0,02;0,02;1,33;;1,20;1,35
B4;5,00;4,00;5,00;2640,43;1292,77;3574,90;1,61;1,35;114,93;75,44;0,00;0,06;1,32;;1,19;1,32
B10;5,00;4,00;6,00;2702,00;1321,20;3613,20;1,57;1,34;120,29;77,20;0,00;0,00;1,29;;1,16;1,35
B12;5,00;4,00;7,00;2608,16;1266,12;3538,26;1,65;1,36;109,91;74,52;0,00;0,02;1,33;;1,20;1,38
B18;5,00;4,00;8,00;2686,96;1312,17;3662,44;1,63;1,36;114,91;76,77;0,00;0,08;1,32;;1,19;1,37
A4;5,00;5,00;1,00;2816,04;1310,87;3668,01;1,44;1,30;130,28;80,46;0,06;0,08;1,22;;1,10;1,34
A7;5,00;5,00;2,00;2744,68;1314,89;3661,54;1,55;1,33;121,26;78,42;0,02;0,06;1,27;;1,15;1,38
A12;5,00;5,00;3,00;2776,00;1360,80;3753,20;1,60;1,35;121,71;79,31;0,00;0,00;1,28;;1,16;1,37
A18;5,00;5,00;4,00;2653,06;1285,31;3611,10;1,69;1,36;108,51;75,80;0,00;0,04;1,32;;1,20;1,27
B1;5,00;5,00;5,00;2675,00;1260,83;3625,98;1,66;1,36;108,63;76,43;0,00;0,04;1,31;;1,19;1,32
B6;5,00;5,00;6,00;2808,70;1338,26;3775,47;1,66;1,34;115,48;80,25;0,00;0,08;1,27;;1,14;1,33
B15;5,00;5,00;7,00;2657,14;1284,90;3687,42;1,78;1,39;103,24;75,92;0,00;0,02;1,35;;1,22;1,37
B16;5,00;5,00;8,00;2730,72;1319,15;3677,43;1,61;1,35;117,22;78,02;0,04;0,06;1,29;;1,16;1,36
C1;5,00;7,00;1,00;2591,84;1248,98;3588,16;1,59;1,38;111,95;74,05;0,00;0,02;1,36;;1,24;1,32
C9;5,00;7,00;2,00;2629,21;1267,08;3619,78;1,58;1,38;114,38;75,12;0,02;0,04;1,34;;1,22;1,40
C13;5,00;7,00;3,00;2666,00;1294,80;3695,65;1,59;1,39;116,00;76,17;0,00;0,02;1,34;;1,22;1,34
C16;5,00;7,00;4,00;2634,00;1241,60;3670,00;1,63;1,39;108,86;75,26;0,00;0,00;1,36;;1,23;1,41
D3;5,00;7,00;5,00;2651,02;1268,57;3641,22;1,61;1,37;112,83;75,74;0,00;0,00;1,34;;1,21;1,39
D7;5,00;7,00;6,00;2657,14;1308,98;3723,67;1,63;1,40;114,58;75,92;0,00;0,00;1,36;;1,24;1,39
D12;5,00;7,00;7,00;2612,94;1206,53;3624,93;1,61;1,39;107,28;74,66;0,02;0,02;1,36;;1,23;1,41
C2;5,00;8,00;1,00;2600,00;1248,75;3576,25;1,64;1,38;108,63;74,29;0,00;0,02;1,35;;1,23;1,39
C8;5,00;8,00;2,00;2624,34;1270,64;3466,34;1,53;1,32;118,66;74,98;0,02;0,06;1,29;;1,16;1,41
C15;5,00;8,00;3,00;2531,25;1220,83;3542,08;1,72;1,40;101,49;72,32;0,00;0,04;1,39;;1,27;1,41
C17;5,00;8,00;4,00;2618,37;1290,20;3628,57;1,66;1,39;111,08;74,81;0,00;0,02;1,36;;1,23;1,40
D1;5,00;8,00;5,00;2698,00;1300,40;3654,40;1,57;1,35;118,57;77,09;0,00;0,00;1,30;;1,18;1,34
D8;5,00;8,00;6,00;2694,00;1323,20;3625,52;1,55;1,35;122,29;76,97;0,00;0,02;1,30;;1,17;1,44
D13;5,00;8,00;7,00;2561,43;1225,31;3521,22;1,65;1,37;105,86;73,18;0,00;0,00;1,36;;1,23;1,41
D18;5,00;8,00;8,00;2491,84;1226,53;3440,62;1,68;1,38;104,08;71,20;0,00;0,02;1,38;;1,26;1,35
C4;5,00;9,00;1,00;2673,47;1319,18;3624,22;1,55;1,36;121,87;76,38;0,00;0,02;1,31;;1,19;1,35
C6;5,00;9,00;2,00;2666,28;1255,60;3589,60;1,53;1,35;117,18;76,18;0,00;0,00;1,30;;1,18;1,41
C14;5,00;9,00;3,00;2552,00;1190,40;3524,00;1,64;1,38;103,43;72,91;0,00;0,00;1,37;;1,24;1,43
C18;5,00;9,00;4,00;2591,49;1223,40;3604,84;1,62;1,39;107,71;74,04;0,02;0,06;1,37;;1,24;1,36
D5;5,00;9,00;5,00;2679,17;1276,25;3637,47;1,59;1,36;114,81;76,55;0,02;0,04;1,31;;1,19;1,35
D19;5,00;9,00;6,00;2640,00;1252,80;3636,00;1,65;1,38;108,29;75,43;0,00;0,00;1,34;;1,22;1,42
C3;5,00;10,00;1,00;2540,00;1216,80;3460,21;1,64;1,36;106,29;72,57;0,00;0,02;1,35;;1,23;1,42
C7;5,00;10,00;2,00;2620,41;1274,29;3589,74;1,60;1,37;113,78;74,87;0,00;0,02;1,34;;1,21;1,36
C11;5,00;10,00;3,00;2744,29;1358,78;3693,98;1,53;1,35;126,61;78,41;0,02;0,02;1,28;;1,16;1,39
C20;5,00;10,00;4,00;2408,57;1137,96;3377,16;1,67;1,40;97,22;68,82;0,02;0,02;1,42;;1,30;1,40
D4;5,00;10,00;5,00;2784,38;1348,94;3679,47;1,47;1,32;131,30;79,55;0,04;0,06;1,25;;1,13;1,39
D6;5,00;10,00;6,00;2704,17;1335,83;3669,81;1,56;1,36;122,32;77,26;0,00;0,04;1,31;;1,18;1,33
D11;5,00;10,00;7,00;2723,53;1310,20;3579,22;1,58;1,31;118,49;77,82;0,00;0,00;1,26;;1,13;1,47
D17;5,00;10,00;8,00;2610,20;1250,61;3544,13;1,64;1,36;109,04;74,58;0,00;0,02;1,33;;1,21;1,30
C5;5,00;11,00;1,00;2797,73;1338,18;3794,86;1,60;1,36;119,81;79,94;0,00;0,12;1,28;;1,16;1,36
C10;5,00;11,00;2,00;2737,50;1309,58;3712,22;1,74;1,36;107,40;78,21;0,00;0,04;1,30;;1,17;1,31
C12;5,00;11,00;3,00;2642,00;1297,20;3620,80;1,65;1,37;112,00;75,49;0,00;0,00;1,33;;1,21;1,38
C19;5,00;11,00;4,00;2693,88;1288,57;3735,54;1,68;1,39;109,62;76,97;0,00;0,02;1,34;;1,21;1,33
D2;5,00;11,00;5,00;2805,88;1378,82;3792,94;1,64;1,35;120,17;80,17;0,00;0,00;1,28;;1,15;1,35
D20;5,00;11,00;6,00;2788,00;1358,00;3847,60;1,71;1,38;113,14;79,66;0,00;0,00;1,31;;1,18;1,38
